{"pM03dabhDqXUaiEdtnjjbA==":"chloe-bolton-r0qthxq3jec-unsplash99.jpeg","fazqRvUTnsGgtdkXAKxbpg==":"chloe-bolton-r0qthxq3jec-unsplash99.jpg","ZA/gNSBMsPLGzD9oofWtGg==":"chloe-bolton-l-bxrw-bz9i-unsplash.jpeg","+8YX7kNJcx4/ZEBWB28Txw==":"clayton-robbins-e3b0j05ic20-unsplash-1.jpg","NMINYDU06dL9gnx+zEFATg==":"clayton-robbins-ypynhyr7xrs-unsplash-1.jpg","SYO4I2gJ/3kV2ayFEfLCRA==":"clayton-robbins-kmzrutvsqai-unsplash-1.jpg","QkhU6GJCJl7GmxgiWuiMWw==":"grant-durr-vfgskggimaa-unsplash-1.jpg","IfNPsHqfO2nKGvAI/A3zcg==":"fernando-lavin-qxaavqecvew-unsplash-1.jpg","cLJadrIaogcdr4JkjzjI9g==":"faria-anzum-onk9ilkizs4-unsplash.jpg","cha0b7cQ8LVoexeP9Vndqg==":"annie-spratt-n42ogaqn32o-unsplash.jpg","GXzPB+NLWU8H2EdogtG93g==":"amin-hasani-kiifsibhkqw-unsplash.jpg","S2t9hq8nEPTXfgTt7Smavg==":"christy-moyer-5ippjvbbyo-unsplash.jpg","XqStexa3ucYeWEdbgE9USg==":"background1.jpg","gcg7mOw5bgl+bDj01ICzXA==":"shot-72.png","NjagmuN00dD4iqPgpmm6tQ==":"screenshot-73.jpg","lD9RWIg1EXLBi/Z5IdbPHw==":"screenshot-116.jpg","zYCHveyij26qVVBV6Sw9kA==":"background1.jpg","JSxKJX08fjPVTT9WYUqGrw==":"_37516_img63894332511254961619.webp","jfzzyg5OPwTBEwXLWC7gCg==":"_37516_img63894332511255012346.webp","oTS1aSNLZHXKsEF1M5GfpQ==":"_37516_img63894332511255047453.webp","87/CFwni8oJkav/LGWi3RA==":"_37516_img63894332511255119675.webp","im0aJD4ATK2mo+bxxrYsLQ==":"_37516_img6389433251125514374.webp","JnRNCvOOV3uzqLbTwUIJ0g==":"ib_logo-14-96x96.png","TXunVIWiF23Bvapt12fBQg==":"03.%20envelope_ib-1-1182x1182.jpg"}